"Date","Facebook","Twitter","Pinterest","YouTube","Tumblr","Instagram","reddit","StumbleUpon","orkut","LinkedIn","Google+","mixi","Digg","MySpace","NowPublic","VKontakte","news.ycombinator.com","Delicious","Fark","Vimeo","FriendFeed","Other"
2009-04,7.71,9.41,0,0,0,0,5.99,8.96,54.92,0,0,0,4.43,5.14,0.05,0,0.1,1.06,0.15,0,0.29,1.81
2009-05,8.94,13.5,0,0,0,0,5.25,8.18,50.43,0.24,0,0,4.78,4.79,0.05,0,0.17,1.15,0.28,0,0.35,1.91
2009-06,11.79,17.57,0,0,0,0,8.62,7.64,40.53,0.28,0,0,4.68,5.23,0.03,0,0.12,1.2,0.26,0,0.35,1.68
2009-07,13.91,19.08,0,0,0,0,8.79,9.99,36.62,0.37,0,0,4.18,4.17,0.01,0,0.18,1.15,0.13,0,0.33,1.11
2009-08,20.63,19.86,0,0,0,0,7.11,6.94,35.32,0.35,0,0,3.11,3.93,0.04,0,0.07,0.95,0.22,0,0.36,1.13
2009-09,17.68,21.61,0,0.36,0,0,4.24,6.7,37.97,0.41,0,0,4.12,4,0.08,0,0.1,1.09,0.18,0,0.33,1.13
2009-10,14.87,21.18,0,21.47,0,0,4.28,6.45,23.8,0.31,0,0,2.75,2.72,0.09,0,0.13,0.65,0.16,0.07,0.27,0.8
2009-11,26.55,21.65,0,21.5,0,0,3.67,5.61,15.25,0.2,0,0,1.81,1.98,0.03,0,0.1,0.55,0.06,0.06,0.14,0.83
2009-12,53.58,13.16,0,15.46,0,0,1.81,3.29,9.51,0.13,0,0,1.19,0.9,0.02,0,0.05,0.32,0.16,0.04,0.08,0.29
2010-01,56.11,13.77,0,13.58,0,0,1.77,3.51,8.29,0.12,0,0,1.37,0.44,0.01,0,0.08,0.35,0.09,0.11,0.09,0.3
2010-02,48.53,17.73,0,14.77,0,0,1.78,3.69,7.36,0.16,0,0,1.8,0.7,2.29,0,0.16,0.44,0.13,0.07,0.11,0.27
2010-03,28.26,26.07,0,20.11,0,0,2.91,5.39,9.77,0.24,0,0,1.29,1.07,2.94,0,0.2,0.66,0.2,0.36,0.25,0.26
2010-04,43.73,24.51,0,12.82,0,0,2.24,4.96,6.75,0.19,0,0,1.21,1,1.01,0,0.18,0.61,0.14,0.22,0.13,0.32
2010-05,44.61,26.06,0,11.88,0,0,2.26,4.8,6.35,0.15,0,0,1.08,0.76,0.74,0,0.15,0.44,0.14,0.13,0.16,0.3
2010-06,43.47,25.41,0,12.18,0,0,2.04,7.32,5.2,0.13,0,0,1.84,0.7,0.39,0,0.17,0.38,0.11,0.37,0.16,0.14
2010-07,42.9,27.33,0,12.21,0,0,2,5.34,5.39,0.14,0,0,2.19,0.69,0.48,0,0.13,0.39,0.12,0.46,0.1,0.14
2010-08,41.88,27.14,0,15.81,0,0,1.78,4.95,5.2,0.14,0,0,1.43,0.51,0.25,0,0.07,0.4,0.1,0.12,0.11,0.1
2010-09,39.63,22.9,0,24.65,0,0,2.03,3.86,4.49,0.14,0,0,0.75,0.44,0.25,0,0.1,0.31,0.09,0.09,0.1,0.16
2010-10,40.88,22.73,0,23.48,0,0,1.98,4.24,4.13,0.13,0,0,0.71,0.47,0.34,0,0.09,0.32,0.11,0.11,0.1,0.17
2010-11,41.25,23.27,0,23.4,0,0,1.97,4.46,3.35,0.14,0,0,0.53,0.44,0.27,0,0.13,0.34,0.11,0.11,0.09,0.14
2010-12,44.79,21.41,0,22.97,0,0,1.68,4.02,3.1,0.13,0,0,0.32,0.36,0.32,0,0.14,0.31,0.09,0.1,0.11,0.14
2011-01,43.44,23.62,0,22.46,0,0,1.86,3.87,2.84,0.15,0,0,0.48,0.26,0.18,0,0.11,0.28,0.1,0.13,0.11,0.12
2011-02,44.83,24.34,0,21.67,0,0,1.82,3.41,2.14,0.17,0,0,0.37,0.29,0.19,0,0.11,0.3,0.1,0.1,0.07,0.11
2011-03,60.29,20.21,0,13.78,0,0,1.07,2.27,1.16,0.09,0,0,0.21,0.17,0.29,0,0.06,0.17,0.05,0.05,0.05,0.06
2011-04,93.5,3.02,0,2.53,0,0,0.15,0.42,0.16,0.02,0,0,0.05,0.02,0.05,0,0.01,0.02,0.01,0.01,0.01,0.01
2011-05,59.08,18.33,0,16.44,0,0,1.08,3,0.96,0.15,0,0,0.26,0.15,0.11,0,0.08,0.16,0.06,0.05,0.07,0.02
2011-06,55.4,18.97,0,17.52,0,0,1.38,4.1,1.08,0.24,0,0,0.4,0.25,0.16,0.01,0.11,0.18,0.06,0.06,0.06,0.02
2011-07,45.69,21.92,0,20.2,0,0,1.98,6.48,1.43,0.35,0.69,0,0.28,0.14,0.2,0.01,0.14,0.22,0.13,0.07,0.05,0.03
2011-08,48.4,18.11,0,20.55,0,0,1.94,7.44,1.35,0.29,0.66,0,0.4,0.14,0.16,0.01,0.14,0.21,0.07,0.08,0.02,0.03
2011-09,44.4,25.19,0,19.17,0,0,2.32,6.31,0.77,0.25,0.43,0,0.24,0.13,0.35,0,0.07,0.16,0.08,0.06,0.06,0.02
2011-10,47.51,28.26,0,15.36,0,0,1.96,5.17,0.39,0.22,0.26,0,0.24,0.07,0.1,0.01,0.14,0.13,0.08,0.09,0.01,0.02
2011-11,66.69,19.3,0,6.13,0,0,1.57,4.84,0.27,0.16,0.25,0,0.27,0.06,0.07,0.01,0.09,0.11,0.05,0.08,0.04,0.02
2011-12,82.22,10.63,0,2.91,0,0,1.12,2.36,0.16,0.09,0.02,0,0.13,0.04,0.07,0,0.09,0.06,0.03,0.04,0.01,0.01
2012-01,78.43,14,0,3.09,0,0,1.37,2.28,0.15,0.14,0,0,0.15,0.04,0.05,0.01,0.07,0.07,0.05,0.05,0.05,0.02
2012-02,76.18,15.25,0,3.77,0,0,1.48,2.36,0.15,0.21,0,0,0.13,0.03,0.06,0.01,0.1,0.07,0.05,0.05,0.08,0.03
2012-03,70.41,17.63,0.67,6.07,0,0,1.33,2.05,0.13,0.18,0,0.83,0.17,0.03,0.11,0.01,0.11,0.06,0.05,0.06,0.03,0.04
2012-04,61.28,21.37,1.61,7.52,0,0,1.56,2.97,0.13,0.28,0,2.32,0.23,0.04,0.25,0.01,0.12,0.08,0.05,0.08,0.03,0.05
2012-05,51.26,29.54,2,8.07,0,0,2.47,3.02,0.1,0.25,0,1.92,0.17,0.05,0.7,0.01,0.11,0.11,0.06,0.05,0.02,0.08
2012-06,40.42,43.67,1.95,6.17,0,0,1.72,2.33,0.07,0.19,0,2.87,0.07,0.03,0.09,0.01,0.12,0.09,0.06,0.04,0.04,0.06
2012-07,40.66,45.8,1.9,5.37,0,0,1.64,2.17,0.06,0.16,0,1.6,0.12,0.02,0.17,0.01,0.1,0.07,0.05,0.04,0.03,0.04
2012-08,40.88,44.43,2.21,7.13,0,0,1.44,2.05,0.05,0.14,0,1.05,0.04,0.03,0.16,0.01,0.15,0.07,0.04,0.03,0.03,0.04
2012-09,37.05,45.57,2.53,9.57,0,0,1.9,1.85,0.05,0.14,0,0.84,0.05,0.02,0.1,0.01,0.1,0.08,0.05,0.04,0.01,0.03
2012-10,34.47,49.8,2.6,8.1,0,0,1.79,1.59,0.03,0.15,0,0.9,0.04,0.02,0.06,0.01,0.11,0.19,0.06,0.04,0.02,0.03
2012-11,36.49,51.01,3.05,4.36,0,0,2.04,1.65,0.03,0.18,0,0.55,0.03,0.03,0.09,0.01,0.14,0.13,0.09,0.06,0.02,0.04
2012-12,41.64,45.23,3.38,4.23,0,0,1.87,2.32,0.03,0.16,0,0.59,0.03,0.02,0.09,0.01,0.14,0.13,0.05,0.05,0.01,0.03
2013-01,31.63,56.42,2.94,4.42,0,0,1.52,1.75,0.02,0.11,0.01,0.82,0.03,0.02,0.05,0.01,0.1,0.02,0.05,0.04,0.01,0.03
2013-02,29.93,59.62,2.69,3.96,0,0,1.23,1.23,0.02,0.1,0.34,0.62,0.01,0.02,0.04,0.01,0.08,0,0.03,0.03,0.01,0.02
2013-03,33.46,52.38,3.07,5.42,0,0,1.75,1.53,0.02,0.13,0.57,1.32,0.02,0.02,0.1,0.01,0.03,0.01,0.07,0.04,0,0.03
2013-04,46.76,36.79,4.36,5.28,0,0,2.38,2.37,0.02,0.16,0.56,0.79,0.06,0.02,0.12,0.01,0,0.01,0.1,0.15,0.01,0.03
2013-05,48.85,32.91,4.26,6.72,0,0,2.94,2.48,0.03,0.18,0.56,0.66,0.03,0.02,0.1,0.02,0,0.01,0.08,0.13,0.01,0.04
2013-06,46.61,36.52,3.87,6.34,0,0,2.51,2.09,0.02,0.16,0.53,0.71,0.03,0,0.15,0.03,0,0,0.09,0.27,0.01,0.04
2013-07,50.1,33.48,3.73,6.58,0,0,2.19,2.11,0.02,0.16,0.65,0.41,0.08,0,0.12,0.02,0,0,0.08,0.22,0.01,0.04
2013-08,51.47,33.77,3.57,5.97,0,0,1.83,1.79,0.02,0.17,0.54,0.48,0.11,0.01,0.02,0.02,0,0.01,0.07,0.11,0.01,0.03
2013-09,46.71,36.44,6.13,5.45,0,0,1.94,1.94,0.01,0.13,0.51,0.41,0.07,0,0.03,0.01,0,0.02,0.05,0.1,0.01,0.04
2013-10,55.9,31.17,3.05,3.37,2.91,0,1.33,1.32,0.01,0.09,0.32,0.23,0.08,0.01,0.03,0.01,0,0.01,0.03,0.11,0.01,0.01
2013-11,56.91,21.54,2.45,2.74,13.74,0,1,0.94,0,0.06,0.24,0.19,0.06,0,0,0.01,0,0,0.03,0.08,0,0.01
2013-12,46.78,22.85,3.28,3.45,20,0,1.31,1.32,0.01,0.11,0.39,0.23,0.1,0,0,0.02,0,0,0.04,0.06,0.01,0.04
2014-01,50.82,22.32,3.61,2.45,17.56,0,1.24,1.09,0,0.09,0.37,0.25,0.08,0,0,0.02,0,0,0.02,0.05,0.01,0.01
2014-02,51.58,21.48,3.76,2.67,16.99,0,1.71,1.04,0,0.08,0.32,0.21,0.06,0,0,0.01,0,0,0.03,0.04,0.01,0.01
2014-03,49.48,22.46,3.71,1.91,19.29,0,1.31,0.94,0.01,0.08,0.38,0.24,0.08,0,0,0.01,0,0,0.03,0.04,0.01,0.02
2014-04,44.47,33.49,3.49,1.01,15.14,0,0.85,0.8,0.01,0.09,0.31,0.18,0.05,0,0,0.02,0,0,0.02,0.05,0,0.02
2014-05,47.35,33.77,3.41,1.06,11.84,0,1.01,0.84,0,0.07,0.31,0.17,0.07,0,0,0.02,0,0,0.02,0.04,0,0.02
2014-06,46.16,38.21,5.17,0.97,7.45,0,0.78,0.59,0,0.05,0.3,0.13,0.05,0,0,0.02,0,0.07,0.01,0.03,0,0.01
2014-07,46.07,39.84,2.76,0.87,8.07,0,1.02,0.59,0,0.06,0.38,0.18,0.05,0,0,0.02,0.03,0,0.02,0.04,0,0.01
2014-08,50.54,37.67,2.44,0.39,6.57,0,1.08,0.54,0,0.04,0.35,0.21,0.03,0,0,0.02,0.03,0,0.01,0.05,0,0.01
2014-09,48.55,40.53,2.3,0.51,5.75,0,1.27,0.4,0,0.04,0.35,0.16,0.04,0,0,0.02,0.02,0,0.01,0.04,0,0
2014-10,57.85,31.95,2.44,0.47,5.51,0,0.78,0.38,0,0.05,0.28,0.15,0.04,0,0,0.02,0.02,0,0.01,0.04,0,0
2014-11,57.66,32.09,2.5,0.43,5.52,0,0.84,0.35,0,0.05,0.28,0.17,0.02,0,0,0.03,0.03,0,0.01,0.02,0,0
2014-12,56.49,34.25,2.39,0.17,4.93,0,0.78,0.34,0,0.04,0.3,0.21,0.03,0,0,0.02,0.03,0.01,0.01,0.01,0,0
2015-01,60.01,31.42,2.27,0.18,4.46,0,0.69,0.32,0,0.03,0.3,0.11,0.05,0,0,0.06,0.03,0,0.03,0.02,0,0
2015-02,57.42,33.44,2.23,0.07,4.85,0,0.85,0.38,0,0.03,0.44,0.14,0.04,0,0,0.05,0.02,0,0.02,0.01,0,0
2015-03,62.64,28.72,1.93,0.07,4.87,0,0.83,0.29,0,0.03,0.42,0.12,0.02,0,0,0.03,0.01,0,0.01,0,0,0
2015-04,63.74,27.81,2.05,0.04,4.86,0,0.66,0.29,0,0.02,0.35,0.08,0.02,0,0,0.02,0.04,0,0.01,0,0,0
2015-05,73.95,18.2,1.98,0.04,4.41,0,0.71,0.25,0,0.02,0.27,0.11,0.02,0,0,0.01,0.03,0,0.01,0,0,0
2015-06,71.75,19.38,2.52,0.04,4.72,0,0.71,0.29,0,0.02,0.36,0.12,0.02,0,0,0.02,0.02,0,0.01,0,0,0
2015-07,71.59,18.06,2.99,0.13,5.35,0,0.95,0.31,0,0.03,0.37,0.13,0.01,0,0,0.02,0.04,0,0.01,0,0,0.01
2015-08,73.97,15.35,2.97,0.25,5.42,0,1.06,0.34,0,0.06,0.33,0.16,0.01,0,0,0.02,0.02,0,0.01,0,0,0
2015-09,73.88,14.61,3.29,0.27,5.51,0,1.27,0.47,0,0.1,0.36,0.17,0.01,0,0,0.03,0.02,0,0.01,0,0,0
2015-10,71.7,16.53,3.68,0.22,5.75,0,1.05,0.41,0,0.06,0.32,0.18,0.01,0,0,0.03,0.03,0,0.01,0,0,0
2015-11,68.6,17.14,3.91,0.31,7.88,0,1.3,0.31,0,0.05,0.29,0.15,0.01,0,0,0.02,0.03,0,0.01,0,0,0
2015-12,70.2,16.87,4.37,0.29,5.93,0,1.4,0.38,0,0.05,0.3,0.13,0.01,0,0,0.03,0.04,0,0.01,0,0,0
2016-01,69.98,17.92,4.11,0.35,5.58,0,1.1,0.33,0,0.09,0.37,0.11,0.01,0,0,0.04,0.02,0,0.01,0,0,0
2016-02,71.94,17.17,4.07,0.19,4.95,0,0.8,0.31,0,0.08,0.28,0.11,0.01,0,0,0.03,0.02,0,0.02,0,0,0.01
2016-03,72.16,17.5,3.07,0.18,5.32,0,0.96,0.25,0,0.1,0.23,0.12,0.01,0,0,0.04,0.02,0.02,0.02,0,0,0.01
2016-04,75.11,15.11,2.74,0.22,5.13,0,0.84,0.3,0,0.09,0.22,0.1,0.01,0,0,0.04,0.04,0.02,0.01,0,0,0
2016-05,74.18,14.67,4.31,0.17,5.04,0,0.87,0.28,0,0.07,0.22,0.09,0.01,0,0,0.04,0.03,0,0.02,0,0,0
2016-06,72.44,15.08,4.56,0.19,5.96,0,1.01,0.26,0,0.11,0.19,0.09,0.01,0,0,0.04,0.03,0,0.03,0,0,0
2016-07,72.65,14.81,4.81,0.15,5.67,0,0.84,0.48,0,0.21,0.18,0.06,0.01,0,0,0.03,0.03,0,0.06,0,0,0
2016-08,71.77,14.37,5.87,0.17,6.19,0,0.81,0.26,0,0.14,0.2,0.07,0.01,0,0,0.04,0.03,0,0.07,0,0,0
2016-09,73.39,12.6,6.57,0.15,5.69,0,0.77,0.22,0,0.13,0.22,0.06,0.01,0,0,0.11,0.02,0,0.04,0,0,0
2016-10,73.66,13.07,5.95,0.92,4.66,0.1,0.69,0.16,0,0.24,0.24,0.05,0,0,0,0.16,0.02,0,0.08,0,0,0
2016-11,64.19,18.66,5.55,1.86,4.29,0.57,0.89,0.17,0,2.82,0.33,0.05,0.01,0,0,0.54,0.02,0,0.05,0,0,0.01
2016-12,67.8,10.16,2.72,0.61,2.02,13.9,0.5,0.08,0,1.99,0.12,0.02,0,0,0,0.05,0.01,0,0.01,0,0,0.01
2017-01,72.56,7.69,3.34,0.33,2.6,12.29,0.49,0.08,0,0.34,0.14,0.03,0,0,0,0.07,0.02,0,0.01,0.02,0,0.01
2017-02,71.97,15.19,4.93,0.28,3.5,3.03,0.46,0.11,0,0.14,0.22,0.04,0,0,0,0.04,0.02,0,0.02,0.03,0,0.01
2017-03,69.56,13.88,5.2,0.11,3.18,7.19,0.33,0.1,0,0.11,0.18,0.04,0,0,0,0.05,0.03,0,0.03,0,0,0.01
2017-04,68,12.8,7.38,0.43,3.45,6.8,0.43,0.14,0,0.14,0.21,0.06,0,0,0,0.06,0.05,0,0.03,0,0,0.01
2017-05,66.91,14.45,6.43,1.8,2.55,6.6,0.56,0.14,0,0.13,0.19,0.07,0.01,0,0,0.09,0.03,0,0.04,0,0,0.01
2017-06,62.73,14.11,6.15,2.86,2.5,10.44,0.48,0.14,0,0.16,0.18,0.08,0,0,0,0.05,0.05,0,0.03,0,0,0.01
2017-07,71.13,13.32,5.84,5.35,2.49,0.8,0.47,0.12,0,0.2,0.1,0.06,0,0,0,0.05,0.03,0,0.03,0,0,0.01
2017-08,63.34,14.85,7.11,9.89,2.23,1.22,0.61,0.12,0,0.22,0.2,0.06,0,0,0,0.09,0.02,0,0.03,0,0,0.01
2017-09,63.32,14.18,8.3,9.27,2.23,0.82,0.82,0.21,0,0.31,0.33,0.08,0,0,0,0.06,0.04,0,0.01,0,0,0.01
2017-10,52.47,24.57,8.57,9.16,2.27,0.96,0.87,0.3,0,0.3,0.26,0.12,0.01,0,0,0.07,0.06,0,0.01,0,0,0.01
2017-11,47.36,22.24,11.2,12.47,2.55,1.76,1.02,0.35,0,0.48,0.33,0.08,0,0,0,0.08,0.04,0,0.01,0,0,0.01
2017-12,37.03,42.47,7.65,6.73,1.61,3.11,0.73,0.1,0,0.23,0.17,0.05,0.01,0,0,0.07,0.02,0,0.01,0,0,0.01
2018-01,52.27,20.58,9.79,7.27,1.95,6.8,0.7,0.11,0,0.17,0.1,0.07,0,0,0,0.11,0.03,0,0.02,0,0,0.01
2018-02,39.32,29.08,13.73,10.62,2.58,2.29,1.41,0.15,0,0.39,0.19,0.09,0,0,0,0.09,0.03,0,0.01,0,0,0.01
2018-03,27.42,44.26,11.02,10.57,2.7,1.98,1.01,0.15,0,0.27,0.41,0.09,0,0,0,0.05,0.04,0,0.01,0,0,0.01
2018-04,39.69,23.98,13.16,14.82,3.15,2.82,1.06,0.16,0,0.27,0.6,0.13,0,0,0,0.11,0.03,0,0.02,0,0,0
2018-05,43.85,22.28,12.89,13.37,2.49,3.12,0.58,0.13,0,0.23,0.5,0.21,0,0,0,0.24,0.06,0,0.02,0.03,0,0.01
2018-06,37.48,28.57,10.95,15.01,2.29,4.04,0.51,0.08,0,0.27,0.41,0.28,0,0.01,0,0.06,0.02,0,0.01,0.01,0,0.01
2018-07,39.33,25.24,10.67,16.94,2.47,3.89,0.41,0.05,0,0.25,0.39,0.23,0,0,0,0.04,0.03,0,0.02,0.02,0,0.01
2018-08,35.04,24.18,12.18,20.19,2.56,4.62,0.4,0,0,0.3,0.19,0.17,0.01,0,0,0.07,0.06,0,0.01,0.01,0,0.01
2018-09,47.82,19.16,10.73,14.07,2.28,4.85,0.32,0,0,0.26,0.25,0.17,0,0,0,0.06,0.02,0,0.01,0.01,0,0.01
2018-10,42.66,24.85,11.6,12.14,2.22,5.31,0.46,0.03,0,0.19,0.22,0.17,0.01,0,0,0.08,0.04,0,0.01,0.01,0,0
2018-11,32.48,37.13,13.15,9.21,2.26,4.35,0.44,0.03,0,0.26,0.39,0.15,0.01,0.01,0,0.07,0.04,0,0.01,0.01,0,0
2018-12,31.61,32.17,17.44,9.27,2.79,4.96,0.62,0.06,0,0.36,0.31,0.15,0,0.01,0,0.16,0.03,0,0.02,0.01,0,0.03
2019-01,20.25,53.63,13.25,7.32,1.2,3.3,0.39,0.01,0,0.2,0.19,0.1,0,0,0,0.09,0.02,0,0.01,0.01,0,0.02
2019-02,27.18,35.77,18.37,12.46,1.41,3.18,0.73,0,0,0.33,0.19,0.14,0,0,0,0.08,0.12,0,0.02,0.01,0,0
2019-03,22.46,25.15,29.6,14.6,1.28,5.61,0.57,0.01,0,0.3,0.15,0.11,0,0,0,0.13,0.02,0,0.01,0.01,0,0
2019-04,19.82,21.42,29.88,22.98,0.94,3.65,0.72,0.02,0,0.29,0.02,0.06,0,0,0,0.11,0.06,0,0.01,0.01,0,0
2019-05,24.99,18.72,32.3,17.93,0.98,3.9,0.65,0.01,0,0.28,0.01,0.08,0,0,0,0.11,0.03,0,0.01,0.01,0,0
2019-06,23.96,22.68,33.64,15.37,0.98,2.33,0.53,0,0,0.27,0.02,0.06,0,0,0,0.12,0.02,0,0.01,0.01,0,0
2019-07,19.67,25.03,41.27,9.78,0.96,2.14,0.65,0.01,0,0.22,0,0.12,0,0,0,0.14,0.01,0,0.01,0.01,0,0
2019-08,20.86,23.94,44.29,7.48,0.92,1.84,0.29,0,0,0.18,0,0.06,0,0,0,0.11,0.01,0,0.01,0.01,0,0
2019-09,23.78,22.81,38.52,10.75,0.78,2.54,0.41,0,0,0.21,0,0.04,0,0,0,0.1,0.04,0,0,0.01,0,0.01
2019-10,21.64,33.35,31.34,7.63,1.09,3.97,0.46,0,0,0.3,0,0.04,0,0,0,0.1,0.07,0,0.01,0,0,0
2019-11,21.72,30.38,35.86,5.76,1.04,4.37,0.43,0,0,0.3,0,0.01,0,0,0,0.07,0.04,0,0.01,0,0,0
2019-12,24.68,35.28,25.22,7.42,0.9,5.58,0.49,0.01,0,0.24,0,0.09,0,0,0,0.06,0.04,0,0,0,0,0
2020-01,20.13,42.26,22.3,7.07,0.86,6.53,0.49,0,0,0.17,0,0.06,0,0,0,0.07,0.04,0,0,0.01,0,0
2020-02,22.25,42.77,17.92,9.59,0.84,5.61,0.56,0,0,0.3,0,0.06,0,0,0,0.07,0.01,0,0,0.01,0,0
2020-03,19.42,48.09,14.64,12.26,0.46,4.79,0.2,0,0,0.06,0,0.01,0,0,0,0.04,0.02,0,0.01,0,0,0
2020-04,18.65,46.13,17.51,11.13,0.67,5.37,0.35,0,0,0.1,0,0.01,0,0,0,0.05,0.02,0,0,0,0,0
2020-05,28.23,31.42,28.91,6.04,1.11,3.44,0.57,0,0,0.15,0,0.01,0,0,0,0.07,0.04,0,0.01,0,0,0
2020-06,31.18,32.03,26.16,6.05,1.05,2.64,0.55,0,0,0.19,0,0.01,0,0,0,0.07,0.06,0,0.01,0,0,0
2020-07,26.78,33.62,27.83,7.02,1.3,2.34,0.69,0,0,0.25,0,0.01,0,0,0,0.08,0.08,0,0.01,0,0,0
2020-08,26.31,34.55,26.29,7.43,1.33,3.04,0.55,0,0,0.33,0.01,0.01,0,0,0,0.09,0.05,0,0.01,0,0,0
2020-09,25.19,32.07,29.01,7.83,1.12,3.84,0.49,0,0,0.29,0,0.01,0,0,0,0.05,0.08,0,0.01,0,0,0
2020-10,21.14,39.1,27.16,7.91,1.02,2.81,0.5,0.01,0,0.24,0,0.02,0,0,0,0.04,0.05,0,0.01,0,0,0
2020-11,17.47,52.25,19.68,6.35,0.83,2.66,0.44,0.01,0,0.21,0,0.03,0,0,0,0.03,0.04,0,0.01,0,0,0
2020-12,18.03,47.88,21.57,6.99,1.03,3.37,0.54,0.01,0,0.41,0,0.02,0,0.01,0,0.04,0.08,0,0.01,0,0,0
2021-01,14.28,58.34,16.16,6.7,0.8,2.69,0.65,0.03,0,0.22,0,0.01,0,0,0,0.02,0.05,0,0.01,0,0,0.04
2021-02,18.45,49.28,19.4,7.69,0.75,3.38,0.59,0.01,0,0.26,0,0.02,0,0,0,0.05,0.09,0,0.02,0,0,0.01
2021-03,19.62,47.69,20.02,6.98,0.82,3.24,1,0.01,0,0.41,0,0.02,0,0,0,0.1,0.05,0,0.01,0,0,0.02
2021-04,18.99,46.84,18.86,8.15,1.14,4.37,0.81,0.02,0,0.57,0,0.02,0,0,0,0.07,0.12,0,0.01,0,0,0.03
2021-05,18.64,46.32,18.59,9.38,1.28,3.97,0.96,0.01,0,0.41,0,0.02,0,0,0,0.05,0.13,0,0.01,0,0,0.22
2021-06,16.83,51.88,16.6,7.79,1.55,4.02,0.77,0.01,0,0.4,0,0.02,0,0,0,0.05,0.02,0,0.02,0,0,0.04
2021-07,17.48,47.72,17.06,9.16,2.49,3.97,1.19,0.01,0,0.66,0,0.02,0,0,0,0.06,0.09,0,0.01,0.02,0,0.07
2021-08,12.85,51.82,16.23,10.44,3.75,3.51,0.64,0.01,0,0.53,0,0.07,0,0,0,0.06,0.03,0,0.02,0,0,0.01
2021-09,14.46,44.86,19.75,9.89,2.32,7.42,0.72,0.01,0,0.37,0,0.04,0,0,0,0.06,0.04,0,0.02,0.03,0,0.01
2021-10,15,44.66,21.81,8.96,1.38,6.72,0.87,0.01,0,0.36,0,0.04,0,0,0,0.07,0.07,0,0.01,0.03,0,0.01
2009-03,0,0,0,0,0,0,0,0,0,0,0,0,0,0,0,0,0,0,0,0,0,0
